A_name,B_name,A_rank,B_rank,A_rank_points,B_rank_points,A_age,B_age,A_height,B_height,A_seed,B_seed,surface,tourney_level,best_of,A_id,B_id,pA_wins,pred_winner,pred_winner_prob,A_elo_global,B_elo_global,A_elo_surface,B_elo_surface,actual_winner
Juan Manuel Cerundolo,Matteo Berrettini,56,105,935,585,24.0,30.0,183.0,196.0,,,Clay,G,5,207678.0,,0.32808477,Matteo Berrettini,0.67191523,1540.231133813831,1697.7157256181958,1508.5401281108318,1707.2343455709167,Matteo Berrettini
Frances Tiafoe,Matteo Arnaldi,22,104,1905,586,28.0,25.0,188.0,185.0,19.0,,Clay,G,5,126207.0,208286.0,0.6679065,Frances Tiafoe,0.6679065,1754.2073179494423,1590.3626413465868,1628.6706690716385,1623.048955108281,Matteo Arnaldi
Felix Auger-Aliassime,Alejandro Tabilo,6,36,4050,1278,25.0,28.0,193.0,188.0,4.0,,Clay,G,5,,126214.0,0.41030923,Alejandro Tabilo,0.5896908,1500.0,1689.803921627229,1500.0,1620.718447210745,Felix Auger-Aliassime
Flavio Cobolli,Zachary Svajda,14,85,2340,696,24.0,23.0,183.0,175.0,10.0,,Clay,G,5,207925.0,208260.0,0.84734607,Flavio Cobolli,0.84734607,1750.1755817384878,1489.3027112499724,1715.392817591918,1498.8444560739958,Flavio Cobolli
Jakub Mensik,Andrey Rublev,27,13,1550,2460,20.0,28.0,193.0,188.0,26.0,11.0,Clay,G,5,210150.0,126094.0,0.3506766,Andrey Rublev,0.6493234,1769.8361945998945,1790.5838454236111,1609.7510571869068,1753.1390098973604,Jakub Mensik
Casper Ruud,Joao Fonseca,16,30,2275,1435,27.0,19.0,183.0,185.0,15.0,28.0,Clay,G,5,134770.0,211663.0,0.6908849,Casper Ruud,0.6908849,1859.095944212232,1787.389898827317,1874.59334042744,1621.776230280541,Joao Fonseca
Rafael Jodar,Pablo Carreno Busta,29,89,1461,685,19.0,34.0,,188.0,27.0,,Clay,G,5,212588.0,105807.0,0.79978126,Rafael Jodar,0.79978126,1771.2296117703652,1596.2159678013154,1707.1549028577465,1611.638978905454,Rafael Jodar
Jesper de Jong,Alexander Zverev,106,3,580,5705,25.0,29.0,180.0,198.0,,2.0,Clay,G,5,,100644.0,0.08122822,Alexander Zverev,0.9187718,1545.8431577932577,1979.9319797714347,1552.902293890571,1874.320480044244,Alexander Zverev
