{
  "train_loss": [
    0.6450470993494751,
    0.604986024240895,
    0.6027953046749778,
    0.6025741220737172,
    0.6019552783898159,
    0.6021692602849804,
    0.6013923053539163,
    0.6020930740739466,
    0.6007863599079655,
    0.6009327611235608,
    0.600939719142786,
    0.6001848841257155,
    0.6001114946498277,
    0.599831509147794,
    0.600033210965381,
    0.5998781557641749,
    0.5999810167494817,
    0.5996447945889786,
    0.6001627248668278,
    0.5999490033781804,
    0.5992311847429581,
    0.5997263420467294,
    0.5988778623894847,
    0.5992665286696578,
    0.5993895357767421,
    0.5994550379675067,
    0.5995550109253472,
    0.598365840447978,
    0.5989116718411371,
    0.598484727617673
  ],
  "train_acc": [
    0.6344770160343318,
    0.6673997053611461,
    0.6690650554049149,
    0.6674637572859065,
    0.6684672374404851,
    0.6681256271750966,
    0.6692785618207827,
    0.6686166919315926,
    0.6700471849179068,
    0.6687234451395264,
    0.6696201720861712,
    0.6685099387236586,
    0.6701325874842539,
    0.6691291073296752,
    0.6701112368426672,
    0.6710506650724855,
    0.6697696265772787,
    0.6694707175950637,
    0.6687874970642868,
    0.6698763797852125,
    0.6700044836347332,
    0.6705596003159895,
    0.6708585092982045,
    0.6695561201614109,
    0.6702606913337745,
    0.671093366355659,
    0.6705382496744027,
    0.6710506650724855,
    0.670709054807097,
    0.6718192881696095
  ]
}